{"cameraMode":{"drawMode":0,"name":"Shaded","section":"Shading Mode"},"sceneLighting":true,"audioPlay":false,"sceneViewState":{"showFog":true,"showMaterialUpdate":false,"showSkybox":true,"showFlares":true,"showImageEffects":true,"showParticleSystems":true},"in2DMode":false,"pivot":{"x":-5.496541976928711,"y":0.3945474624633789,"z":2.2557482719421388},"rotation":{"x":-0.15840089321136475,"y":0.695746660232544,"z":-0.16166315972805024,"w":-0.6816970109939575},"size":31.230985641479493,"orthographic":false}